{"cameraMode":{"drawMode":0,"name":"Shaded","section":"Shading Mode"},"sceneLighting":true,"audioPlay":false,"sceneViewState":{"m_AlwaysRefresh":false,"showFog":true,"showSkybox":true,"showFlares":true,"showImageEffects":true,"showParticleSystems":true,"showVisualEffectGraphs":true,"m_FxEnabled":true},"in2DMode":false,"pivot":{"x":1.8746485710144044,"y":3.669069766998291,"z":-0.8773630857467651},"rotation":{"x":0.0029829475097358228,"y":-0.9611222147941589,"z":0.0103900833055377,"w":0.27596551179885867},"size":8.79281997680664,"orthographic":false}