{"cameraMode":{"drawMode":0,"name":"Shaded","section":"Shading Mode"},"sceneLighting":false,"audioPlay":false,"sceneViewState":{"m_AlwaysRefresh":false,"showFog":true,"showSkybox":false,"showFlares":true,"showImageEffects":true,"showParticleSystems":true,"showVisualEffectGraphs":true,"m_FxEnabled":true},"in2DMode":false,"pivot":{"x":10.989999771118164,"y":-1.8299999237060547,"z":14.819999694824219},"rotation":{"x":0.03794611245393753,"y":-0.961826503276825,"z":0.1798040121793747,"w":0.20291437208652497},"size":1.2247447967529297,"orthographic":false}