{"cameraMode":{"drawMode":0,"name":"Shaded","section":"Shading Mode"},"sceneLighting":false,"audioPlay":false,"sceneViewState":{"m_AlwaysRefresh":false,"showFog":true,"showSkybox":false,"showFlares":true,"showImageEffects":true,"showParticleSystems":true,"showVisualEffectGraphs":true,"m_FxEnabled":true},"in2DMode":false,"pivot":{"x":0.18849331140518189,"y":0.05126388743519783,"z":1.1041581630706788},"rotation":{"x":-0.14096248149871827,"y":0.6781059503555298,"z":-0.1350758671760559,"w":-0.7085290551185608},"size":3.3600800037384035,"orthographic":false}